{"image":"frame_00001710.jpg","detections":[{"xyxy":[543.470458984375,260.1331481933594,627.3334350585938,303.56805419921875],"cls":2,"conf":0.843705415725708},{"xyxy":[596.8963623046875,419.8746643066406,636.1187744140625,518.8485717773438],"cls":0,"conf":0.6709570288658142},{"xyxy":[519.4932861328125,199.5502471923828,578.9014892578125,226.319580078125],"cls":2,"conf":0.28581762313842773}]}