{"image":"frame_00000360.jpg","detections":[{"xyxy":[821.7962646484375,377.64288330078125,1007.4326171875,474.12335205078125],"cls":2,"conf":0.8797978758811951},{"xyxy":[576.8119506835938,132.19680786132812,587.6307983398438,156.1424560546875],"cls":9,"conf":0.497454434633255},{"xyxy":[131.4801483154297,138.99331665039062,198.47018432617188,198.31298828125],"cls":7,"conf":0.3915172815322876}]}