{"image":"frame_00014400.jpg","detections":[{"xyxy":[1270.09912109375,392.0274353027344,1352.520263671875,454.4753723144531],"cls":2,"conf":0.527802050113678},{"xyxy":[117.21402740478516,821.9996337890625,274.6105041503906,907.6402587890625],"cls":2,"conf":0.5121902823448181},{"xyxy":[1138.130615234375,439.8550720214844,1236.2044677734375,494.5798034667969],"cls":2,"conf":0.3932610750198364},{"xyxy":[1299.5125732421875,947.070556640625,1330.0572509765625,1002.664306640625],"cls":0,"conf":0.3074782192707062}]}