{"image":"frame_00000810.jpg","detections":[{"xyxy":[518.9923095703125,266.1847839355469,621.2229614257812,320.5937805175781],"cls":2,"conf":0.7232048511505127},{"xyxy":[577.2620849609375,132.4420623779297,587.8156127929688,154.90621948242188],"cls":9,"conf":0.4645002484321594},{"xyxy":[124.8631591796875,138.63485717773438,201.11447143554688,201.0460205078125],"cls":7,"conf":0.3388596177101135}]}