{"image":"frame_00004230.jpg","detections":[{"xyxy":[801.7198486328125,263.9763488769531,824.2724609375,309.0755615234375],"cls":0,"conf":0.7080864906311035}]}