{"image":"frame_00000720.jpg","detections":[{"xyxy":[521.6610107421875,267.6510314941406,621.3694458007812,320.6329650878906],"cls":2,"conf":0.7707201838493347},{"xyxy":[417.90789794921875,226.6679229736328,437.09991455078125,261.3941345214844],"cls":0,"conf":0.4673064649105072},{"xyxy":[577.1641235351562,132.43260192871094,587.9537353515625,154.55580139160156],"cls":9,"conf":0.4563608467578888},{"xyxy":[124.1490478515625,138.26284790039062,200.8479766845703,201.5598602294922],"cls":7,"conf":0.3719150722026825}]}