{"image":"frame_00007200.jpg","detections":[{"xyxy":[482.82476806640625,257.85211181640625,573.6820678710938,306.21258544921875],"cls":2,"conf":0.8311070799827576},{"xyxy":[508.7547912597656,199.656005859375,570.7030029296875,223.47689819335938],"cls":2,"conf":0.561495840549469},{"xyxy":[577.3253784179688,132.7045440673828,587.7071533203125,153.9128875732422],"cls":9,"conf":0.5291345715522766},{"xyxy":[619.4185791015625,198.92953491210938,670.0568237304688,226.25259399414062],"cls":2,"conf":0.4477834105491638}]}