{"image":"frame_00006120.jpg","detections":[{"xyxy":[545.4356689453125,198.66860961914062,603.3706665039062,220.89462280273438],"cls":2,"conf":0.6796099543571472},{"xyxy":[487.0126037597656,255.1613311767578,541.8311767578125,296.0704040527344],"cls":2,"conf":0.5055707693099976},{"xyxy":[371.81201171875,181.24948120117188,386.36700439453125,208.3015899658203],"cls":0,"conf":0.43701741099357605}]}