{"image":"frame_00011700.jpg","detections":[{"xyxy":[761.3361206054688,599.5778198242188,856.7421264648438,682.9730224609375],"cls":2,"conf":0.7316019535064697},{"xyxy":[774.0018310546875,807.2021484375,883.41796875,936.7139282226562],"cls":2,"conf":0.5763572454452515},{"xyxy":[911.7680053710938,886.6642456054688,1062.2989501953125,1018.9740600585938],"cls":2,"conf":0.4282699227333069}]}