{"image":"frame_00003780.jpg","detections":[{"xyxy":[549.540771484375,401.99560546875,592.1690673828125,508.8016662597656],"cls":0,"conf":0.8316103219985962},{"xyxy":[631.8828735351562,202.79354858398438,688.223388671875,223.7427215576172],"cls":2,"conf":0.3527396619319916}]}