{"image":"frame_00006660.jpg","detections":[{"xyxy":[329.85150146484375,203.52139282226562,381.776123046875,232.71240234375],"cls":2,"conf":0.6836062073707581},{"xyxy":[531.6768798828125,199.34854125976562,594.2717895507812,222.2121124267578],"cls":2,"conf":0.5856925845146179},{"xyxy":[619.6459350585938,198.4948272705078,664.0601806640625,221.17626953125],"cls":2,"conf":0.5701366662979126},{"xyxy":[395.2432556152344,191.23703002929688,406.44000244140625,216.6468505859375],"cls":0,"conf":0.492970734834671}]}