{"image":"frame_00013950.jpg","detections":[{"xyxy":[79.27001953125,829.7744750976562,240.92481994628906,910.9989624023438],"cls":2,"conf":0.5587153434753418},{"xyxy":[1039.880859375,381.1372375488281,1127.74072265625,423.0751647949219],"cls":2,"conf":0.323947012424469},{"xyxy":[1393.55029296875,365.202392578125,1468.259521484375,417.60626220703125],"cls":2,"conf":0.2971611022949219}]}