{"image":"frame_00012150.jpg","detections":[{"xyxy":[687.2623901367188,723.3812866210938,809.804443359375,802.1085815429688],"cls":2,"conf":0.622194766998291},{"xyxy":[521.2498779296875,666.5015258789062,671.000244140625,734.5513916015625],"cls":2,"conf":0.6217020153999329},{"xyxy":[901.0108032226562,695.072509765625,976.0975952148438,780.0814819335938],"cls":2,"conf":0.6165081262588501}]}