{"image":"frame_00003690.jpg","detections":[{"xyxy":[723.3738403320312,486.81585693359375,778.2720947265625,576.0],"cls":0,"conf":0.7894994020462036},{"xyxy":[155.862548828125,167.509765625,193.10140991210938,187.50643920898438],"cls":2,"conf":0.6244847178459167},{"xyxy":[422.4749450683594,214.4735870361328,459.76080322265625,245.128662109375],"cls":2,"conf":0.5185216069221497},{"xyxy":[561.5271606445312,204.76754760742188,620.74951171875,228.6082763671875],"cls":2,"conf":0.46511727571487427}]}