{"image":"frame_00004680.jpg","detections":[{"xyxy":[469.42401123046875,289.1409606933594,568.3923950195312,352.8807067871094],"cls":2,"conf":0.8075433969497681},{"xyxy":[585.1587524414062,196.65036010742188,639.2559204101562,222.6973419189453],"cls":2,"conf":0.5165674686431885},{"xyxy":[577.1353759765625,132.4130401611328,587.6929931640625,154.5940399169922],"cls":9,"conf":0.4610910713672638},{"xyxy":[596.88916015625,199.223876953125,639.0321044921875,222.2415008544922],"cls":2,"conf":0.43932193517684937}]}