{"image":"frame_00003960.jpg","detections":[{"xyxy":[341.8102111816406,310.6646728515625,369.18145751953125,388.0218505859375],"cls":0,"conf":0.8738541007041931},{"xyxy":[361.94146728515625,238.89126586914062,432.52593994140625,281.611572265625],"cls":2,"conf":0.8349276185035706},{"xyxy":[506.72900390625,265.6903381347656,594.3067626953125,312.32354736328125],"cls":2,"conf":0.789523720741272},{"xyxy":[168.1756134033203,183.6724395751953,210.89553833007812,218.44577026367188],"cls":2,"conf":0.3446907103061676}]}