{"image":"frame_00004320.jpg","detections":[{"xyxy":[880.0847778320312,283.8053894042969,902.6480712890625,334.11273193359375],"cls":0,"conf":0.7985004186630249}]}