{"image":"frame_00014490.jpg","detections":[{"xyxy":[39.9450569152832,834.5747680664062,204.56927490234375,914.5387573242188],"cls":2,"conf":0.7765207290649414},{"xyxy":[1310.951416015625,793.6337280273438,1338.95849609375,851.1138305664062],"cls":0,"conf":0.6248178482055664},{"xyxy":[919.5465698242188,517.1591796875,1013.9275512695312,581.4981079101562],"cls":2,"conf":0.2747790217399597}]}