{"image":"frame_00001530.jpg","detections":[{"xyxy":[518.6654052734375,199.25650024414062,584.3796997070312,223.59683227539062],"cls":2,"conf":0.75059974193573},{"xyxy":[157.69725036621094,165.84585571289062,189.40162658691406,185.7382354736328],"cls":2,"conf":0.4726856052875519},{"xyxy":[432.5409240722656,203.6822052001953,487.3895568847656,256.3568115234375],"cls":2,"conf":0.30041253566741943}]}