{"image":"frame_00011610.jpg","detections":[{"xyxy":[805.8497924804688,584.23828125,910.9686279296875,670.5411987304688],"cls":2,"conf":0.545229434967041},{"xyxy":[1172.145263671875,660.743408203125,1194.424072265625,715.2874145507812],"cls":0,"conf":0.3530369997024536}]}