{"image":"frame_00012420.jpg","detections":[{"xyxy":[927.6458129882812,765.01318359375,1054.035400390625,881.1912231445312],"cls":2,"conf":0.8126363754272461},{"xyxy":[579.2056274414062,685.8677368164062,712.4972534179688,758.5267333984375],"cls":2,"conf":0.6190572381019592},{"xyxy":[905.9498291015625,602.635498046875,979.1319580078125,680.8226318359375],"cls":2,"conf":0.5239874124526978},{"xyxy":[724.8338012695312,505.51409912109375,823.5994262695312,575.912841796875],"cls":2,"conf":0.49101394414901733}]}