{"image":"frame_00004770.jpg","detections":[{"xyxy":[557.4232177734375,198.4552764892578,607.6242065429688,222.26455688476562],"cls":2,"conf":0.5420666933059692},{"xyxy":[577.1295166015625,132.6890411376953,587.7232666015625,154.18899536132812],"cls":9,"conf":0.5272101163864136},{"xyxy":[515.759765625,207.2771759033203,531.5851440429688,249.7333221435547],"cls":0,"conf":0.289348304271698}]}