{"image":"frame_00004140.jpg","detections":[{"xyxy":[894.880859375,282.2900695800781,917.5089721679688,328.80438232421875],"cls":0,"conf":0.5997580885887146},{"xyxy":[295.13995361328125,203.3429412841797,329.37060546875,229.26217651367188],"cls":2,"conf":0.36472317576408386}]}