{"image":"frame_00004950.jpg","detections":[{"xyxy":[787.056640625,323.5843811035156,922.7171630859375,384.17974853515625],"cls":2,"conf":0.838552713394165},{"xyxy":[643.4505615234375,295.6871643066406,771.15869140625,365.50103759765625],"cls":2,"conf":0.7161726951599121},{"xyxy":[576.9666748046875,132.32180786132812,587.4890747070312,155.34872436523438],"cls":9,"conf":0.4934474229812622},{"xyxy":[306.279052734375,207.38516235351562,346.3509216308594,241.1266632080078],"cls":2,"conf":0.41028666496276855}]}