{"image":"frame_00002430.jpg","detections":[{"xyxy":[1035.3599853515625,871.0680541992188,1299.712646484375,1021.4445190429688],"cls":2,"conf":0.36493968963623047},{"xyxy":[0.448150634765625,907.1859741210938,246.63812255859375,1022.9957885742188],"cls":5,"conf":0.290560245513916},{"xyxy":[1228.20361328125,382.3272399902344,1321.1136474609375,432.1874084472656],"cls":2,"conf":0.26208531856536865}]}