{"image":"frame_00003510.jpg","detections":[{"xyxy":[529.4132690429688,255.1798553466797,609.9978637695312,297.1079406738281],"cls":2,"conf":0.8491705060005188},{"xyxy":[678.1837768554688,297.90386962890625,802.8009643554688,347.6977844238281],"cls":2,"conf":0.7227542400360107},{"xyxy":[429.859130859375,247.3945770263672,515.6035766601562,289.1663513183594],"cls":2,"conf":0.5825470685958862},{"xyxy":[152.42868041992188,171.59774780273438,189.52023315429688,197.72909545898438],"cls":2,"conf":0.39359307289123535}]}