{"image":"frame_00008730.jpg","detections":[{"xyxy":[545.8635864257812,199.89584350585938,597.7229614257812,220.42202758789062],"cls":2,"conf":0.5408164858818054},{"xyxy":[438.89501953125,216.2034149169922,488.5155334472656,244.6511688232422],"cls":2,"conf":0.2983730435371399}]}