{"image":"frame_00008370.jpg","detections":[{"xyxy":[802.208984375,329.37139892578125,979.7755737304688,423.41729736328125],"cls":2,"conf":0.8605124950408936},{"xyxy":[533.8575439453125,276.29827880859375,636.2527465820312,326.4181213378906],"cls":2,"conf":0.7242477536201477},{"xyxy":[647.5601806640625,286.554443359375,753.2312622070312,336.9256896972656],"cls":2,"conf":0.6703054904937744},{"xyxy":[647.1027221679688,287.81591796875,721.3743896484375,336.91473388671875],"cls":2,"conf":0.31338322162628174}]}