{"image":"frame_00003150.jpg","detections":[{"xyxy":[610.3472900390625,277.2909240722656,704.3411865234375,321.2782287597656],"cls":2,"conf":0.8357862830162048},{"xyxy":[509.8218688964844,268.53240966796875,611.4723510742188,319.72650146484375],"cls":2,"conf":0.78069007396698},{"xyxy":[737.3273315429688,307.07354736328125,845.609375,360.74005126953125],"cls":2,"conf":0.7682653069496155},{"xyxy":[577.1906127929688,132.7743377685547,587.5401611328125,154.0983428955078],"cls":9,"conf":0.43841540813446045}]}