{"image":"frame_00001260.jpg","detections":[{"xyxy":[669.4784545898438,293.9358825683594,783.4961547851562,344.42718505859375],"cls":2,"conf":0.7595219016075134},{"xyxy":[915.4749145507812,287.7843322753906,932.5579223632812,331.7955017089844],"cls":0,"conf":0.7517898082733154},{"xyxy":[148.44993591308594,166.9536590576172,191.97178649902344,199.60726928710938],"cls":2,"conf":0.5312033891677856},{"xyxy":[659.7884521484375,196.15365600585938,713.2044677734375,222.2319793701172],"cls":2,"conf":0.38124901056289673}]}