{"image":"frame_00002520.jpg","detections":[{"xyxy":[562.8436279296875,640.8226318359375,642.3970947265625,709.7298583984375],"cls":2,"conf":0.5435081124305725},{"xyxy":[893.1663818359375,521.7485961914062,993.052978515625,594.9456787109375],"cls":2,"conf":0.3764127194881439},{"xyxy":[31.111312866210938,834.9633178710938,213.20059204101562,915.2808837890625],"cls":2,"conf":0.28199145197868347},{"xyxy":[0.557098388671875,904.9962158203125,247.2543182373047,1023.085693359375],"cls":5,"conf":0.251841276884079}]}