{"image":"frame_00004500.jpg","detections":[{"xyxy":[604.8272705078125,222.184326171875,624.2817993164062,263.3016662597656],"cls":0,"conf":0.6191226840019226},{"xyxy":[683.6748046875,252.77774047851562,703.0076293945312,292.302734375],"cls":0,"conf":0.5845797061920166},{"xyxy":[150.04879760742188,184.58047485351562,190.32969665527344,210.18228149414062],"cls":2,"conf":0.35346803069114685}]}