{"image":"frame_00000090.jpg","detections":[{"xyxy":[122.10844421386719,129.4762725830078,181.8899688720703,188.2654266357422],"cls":7,"conf":0.3312387466430664}]}