{"image":"frame_00005940.jpg","detections":[{"xyxy":[479.76885986328125,269.7439880371094,599.8782348632812,336.499755859375],"cls":2,"conf":0.8395336866378784},{"xyxy":[572.3484497070312,437.1005859375,619.1677856445312,551.1773681640625],"cls":0,"conf":0.8082427978515625},{"xyxy":[629.9642333984375,270.05462646484375,1023.8541259765625,530.8365478515625],"cls":6,"conf":0.6523605585098267},{"xyxy":[128.96096801757812,161.9344482421875,192.46762084960938,199.9266815185547],"cls":2,"conf":0.36263832449913025}]}