{"image":"frame_00004410.jpg","detections":[{"xyxy":[660.0431518554688,234.9484405517578,678.29296875,274.72540283203125],"cls":0,"conf":0.7097749710083008},{"xyxy":[778.0339965820312,265.506591796875,797.1320190429688,312.16082763671875],"cls":0,"conf":0.6770314574241638}]}