{"image":"frame_00000450.jpg","detections":[{"xyxy":[798.1722412109375,344.92303466796875,965.029296875,420.1436462402344],"cls":2,"conf":0.9084381461143494},{"xyxy":[118.75532531738281,137.63711547851562,199.52926635742188,200.9006805419922],"cls":7,"conf":0.3963475227355957},{"xyxy":[576.3439331054688,132.18594360351562,587.4202880859375,155.4414520263672],"cls":9,"conf":0.3875696063041687}]}