{"image":"frame_00000180.jpg","detections":[{"xyxy":[363.4283142089844,227.2128448486328,380.45538330078125,262.48394775390625],"cls":0,"conf":0.5152847766876221},{"xyxy":[336.72552490234375,207.3159637451172,391.24945068359375,236.0346221923828],"cls":2,"conf":0.3578435778617859},{"xyxy":[574.68408203125,125.8494644165039,587.04736328125,150.55136108398438],"cls":9,"conf":0.3105756938457489},{"xyxy":[128.6815185546875,134.92398071289062,197.8031768798828,194.7913055419922],"cls":7,"conf":0.29905369877815247}]}