{"image":"frame_00011970.jpg","detections":[{"xyxy":[941.7698364257812,789.6110229492188,1061.0618896484375,894.1915283203125],"cls":2,"conf":0.5284181237220764},{"xyxy":[820.1187744140625,799.9413452148438,944.9417724609375,905.4798583984375],"cls":2,"conf":0.478116512298584},{"xyxy":[0.0,868.2167358398438,135.11915588378906,934.0709838867188],"cls":2,"conf":0.2819332182407379}]}