{"image":"frame_00002340.jpg","detections":[{"xyxy":[211.01263427734375,774.0309448242188,370.572021484375,862.9762573242188],"cls":2,"conf":0.727623701095581},{"xyxy":[0.0,907.4990844726562,247.67124938964844,1022.1472778320312],"cls":5,"conf":0.4628101587295532},{"xyxy":[1036.3192138671875,872.955322265625,1290.3597412109375,1021.4117431640625],"cls":2,"conf":0.2653597891330719}]}