{"image":"frame_00014040.jpg","detections":[{"xyxy":[83.88079833984375,825.6692504882812,243.6715850830078,910.0999145507812],"cls":2,"conf":0.6401163935661316},{"xyxy":[797.9635620117188,363.2569274902344,886.5704956054688,405.52178955078125],"cls":2,"conf":0.43582990765571594},{"xyxy":[864.192138671875,499.1179504394531,955.49072265625,550.08349609375],"cls":2,"conf":0.29270514845848083},{"xyxy":[1279.9444580078125,393.58868408203125,1362.32177734375,454.38427734375],"cls":2,"conf":0.2768704891204834}]}