{"image":"frame_00007650.jpg","detections":[{"xyxy":[643.3533325195312,309.59222412109375,774.38037109375,367.78289794921875],"cls":2,"conf":0.863290011882782},{"xyxy":[482.4190979003906,257.78570556640625,572.9291381835938,306.45404052734375],"cls":2,"conf":0.8055737018585205},{"xyxy":[567.2072143554688,260.49273681640625,643.2042846679688,303.4063720703125],"cls":2,"conf":0.743624746799469},{"xyxy":[577.2185668945312,132.60501098632812,588.0364990234375,155.15550231933594],"cls":9,"conf":0.5199770331382751}]}