{"image":"frame_00004590.jpg","detections":[{"xyxy":[487.63153076171875,286.8784484863281,593.72607421875,347.0670166015625],"cls":2,"conf":0.8401382565498352},{"xyxy":[575.6011962890625,134.3453826904297,586.9953002929688,156.5305633544922],"cls":9,"conf":0.4472454786300659},{"xyxy":[611.4193115234375,241.10415649414062,626.9224853515625,278.477294921875],"cls":0,"conf":0.32158541679382324}]}