{"image":"frame_00008820.jpg","detections":[{"xyxy":[594.0066528320312,308.4562072753906,715.40625,374.5436096191406],"cls":2,"conf":0.8207988739013672},{"xyxy":[545.1057739257812,198.83389282226562,596.69677734375,221.83236694335938],"cls":2,"conf":0.5232592821121216},{"xyxy":[617.1438598632812,199.47122192382812,668.5186767578125,222.16061401367188],"cls":2,"conf":0.5160185098648071},{"xyxy":[109.49931335449219,159.61642456054688,157.32211303710938,185.7056884765625],"cls":2,"conf":0.326444149017334}]}