{"image":"frame_00004860.jpg","detections":[{"xyxy":[389.3035888671875,199.12496948242188,448.45654296875,227.9180908203125],"cls":2,"conf":0.8105666041374207},{"xyxy":[577.0729370117188,132.525634765625,587.90283203125,154.81887817382812],"cls":9,"conf":0.5493986010551453}]}