{"image":"frame_00000000.jpg","detections":[{"xyxy":[520.4752197265625,193.42031860351562,578.5740356445312,218.2506866455078],"cls":2,"conf":0.6104287505149841}]}