{"image":"frame_00004050.jpg","detections":[{"xyxy":[551.9354248046875,310.54925537109375,691.7032470703125,391.119873046875],"cls":2,"conf":0.894248902797699},{"xyxy":[837.2849731445312,359.3157653808594,1023.6029052734375,437.90618896484375],"cls":2,"conf":0.8760567903518677},{"xyxy":[277.51483154296875,283.352783203125,300.3447265625,348.12542724609375],"cls":0,"conf":0.6213292479515076}]}