{"image":"frame_00003600.jpg","detections":[{"xyxy":[512.3038330078125,252.248779296875,596.3590698242188,294.9922790527344],"cls":2,"conf":0.7971142530441284},{"xyxy":[165.6300506591797,177.5109405517578,208.8314208984375,204.70614624023438],"cls":2,"conf":0.6717684864997864}]}