{"image":"frame_00011790.jpg","detections":[{"xyxy":[759.7544555664062,808.8732299804688,861.72021484375,929.12060546875],"cls":2,"conf":0.6687941551208496},{"xyxy":[909.2642211914062,887.9569702148438,1063.724609375,1019.2906494140625],"cls":2,"conf":0.5431663393974304},{"xyxy":[1007.4072875976562,866.7200317382812,1149.9658203125,988.4430541992188],"cls":2,"conf":0.2920885980129242},{"xyxy":[1394.8402099609375,341.4851989746094,1467.279052734375,384.1387023925781],"cls":2,"conf":0.2845019996166229}]}