{"image":"frame_00000540.jpg","detections":[{"xyxy":[538.8844604492188,272.28753662109375,641.3106689453125,326.438232421875],"cls":2,"conf":0.8379355669021606},{"xyxy":[576.9823608398438,132.26376342773438,587.871826171875,155.58787536621094],"cls":9,"conf":0.45500683784484863},{"xyxy":[126.53944396972656,138.40707397460938,200.77391052246094,200.4236602783203],"cls":7,"conf":0.2773679196834564}]}