{"image":"frame_00000270.jpg","detections":[{"xyxy":[363.994873046875,236.59732055664062,436.364990234375,282.8741760253906],"cls":2,"conf":0.8710777759552002},{"xyxy":[130.08309936523438,133.4353790283203,198.7559051513672,196.78677368164062],"cls":7,"conf":0.36128804087638855}]}