{"image":"frame_00006840.jpg","detections":[{"xyxy":[735.7161865234375,315.654296875,861.3360595703125,388.7759704589844],"cls":2,"conf":0.7354488968849182},{"xyxy":[527.0783081054688,199.2278289794922,592.0636596679688,222.376953125],"cls":2,"conf":0.5982410311698914},{"xyxy":[620.4842529296875,198.5583038330078,663.48974609375,220.45321655273438],"cls":2,"conf":0.49530029296875},{"xyxy":[737.5618896484375,308.3020935058594,827.8522338867188,342.57965087890625],"cls":2,"conf":0.27621185779571533}]}