{"image":"frame_00006390.jpg","detections":[{"xyxy":[529.4880981445312,274.36651611328125,622.2794799804688,320.91851806640625],"cls":2,"conf":0.8174208998680115}]}