{"image":"frame_00002790.jpg","detections":[{"xyxy":[1478.2640380859375,347.0673522949219,1556.2039794921875,395.8471984863281],"cls":2,"conf":0.42186567187309265},{"xyxy":[0.0,907.1010131835938,248.7637939453125,1020.8589477539062],"cls":5,"conf":0.41014403104782104},{"xyxy":[1146.79931640625,971.7799072265625,1296.8023681640625,1022.883544921875],"cls":2,"conf":0.38691291213035583},{"xyxy":[673.141357421875,792.9424438476562,713.3058471679688,878.3999633789062],"cls":0,"conf":0.33008304238319397}]}