{"image":"frame_00006480.jpg","detections":[{"xyxy":[288.472412109375,214.9026336669922,353.25469970703125,258.88525390625],"cls":2,"conf":0.7457562685012817},{"xyxy":[549.3834228515625,199.9311981201172,601.6682739257812,222.0898895263672],"cls":2,"conf":0.44430792331695557},{"xyxy":[562.3411254882812,224.52120971679688,579.5910034179688,254.4265899658203],"cls":0,"conf":0.26586365699768066},{"xyxy":[503.9623107910156,205.4521026611328,551.9666137695312,230.21646118164062],"cls":2,"conf":0.25116291642189026}]}