{"image":"frame_00000630.jpg","detections":[{"xyxy":[518.25927734375,266.19403076171875,621.2530517578125,320.9354248046875],"cls":2,"conf":0.6880319714546204},{"xyxy":[576.8644409179688,132.13726806640625,588.1466674804688,155.39712524414062],"cls":9,"conf":0.408751904964447},{"xyxy":[309.1607971191406,221.55795288085938,328.44769287109375,254.8052215576172],"cls":0,"conf":0.3145001530647278}]}