{"image":"frame_00003870.jpg","detections":[{"xyxy":[423.09918212890625,346.0556335449219,457.9938049316406,434.9267578125],"cls":0,"conf":0.8374617099761963},{"xyxy":[159.46743774414062,177.09432983398438,193.13681030273438,198.3743133544922],"cls":2,"conf":0.4217834174633026}]}