{"image":"frame_00007830.jpg","detections":[{"xyxy":[101.02901458740234,805.6051025390625,294.0006103515625,908.3823852539062],"cls":2,"conf":0.6575073003768921},{"xyxy":[51.58836364746094,745.8248291015625,252.99554443359375,857.9154052734375],"cls":2,"conf":0.6325685977935791},{"xyxy":[1190.817626953125,424.46722412109375,1277.602294921875,472.3699951171875],"cls":2,"conf":0.37098076939582825},{"xyxy":[989.6998901367188,856.8416748046875,1158.4241943359375,997.4353637695312],"cls":2,"conf":0.3467622697353363}]}