{"image":"frame_00011160.jpg","detections":[{"xyxy":[1157.3056640625,441.1232604980469,1255.1165771484375,499.15789794921875],"cls":2,"conf":0.49324139952659607},{"xyxy":[1267.6083984375,405.283935546875,1350.5064697265625,458.65972900390625],"cls":2,"conf":0.4387485980987549},{"xyxy":[884.1414184570312,884.4765014648438,1062.6434326171875,1020.4088745117188],"cls":2,"conf":0.41579583287239075},{"xyxy":[1015.0257568359375,873.0678100585938,1155.819580078125,1013.0572509765625],"cls":2,"conf":0.25971168279647827}]}